a,pageend,city_url
/content/dollargeneral/,store-directory/ga/abbeville,https://www.dollargeneral.com/store-directory/ga/abbeville
/content/dollargeneral/,store-directory/ga/acworth,https://www.dollargeneral.com/store-directory/ga/acworth
/content/dollargeneral/,store-directory/ga/adairsville,https://www.dollargeneral.com/store-directory/ga/adairsville
/content/dollargeneral/,store-directory/ga/adel,https://www.dollargeneral.com/store-directory/ga/adel
/content/dollargeneral/,store-directory/ga/adrian,https://www.dollargeneral.com/store-directory/ga/adrian
/content/dollargeneral/,store-directory/ga/alamo,https://www.dollargeneral.com/store-directory/ga/alamo
/content/dollargeneral/,store-directory/ga/alapaha,https://www.dollargeneral.com/store-directory/ga/alapaha
/content/dollargeneral/,store-directory/ga/albany,https://www.dollargeneral.com/store-directory/ga/albany
/content/dollargeneral/,store-directory/ga/allentown,https://www.dollargeneral.com/store-directory/ga/allentown
/content/dollargeneral/,store-directory/ga/alma,https://www.dollargeneral.com/store-directory/ga/alma
/content/dollargeneral/,store-directory/ga/alto,https://www.dollargeneral.com/store-directory/ga/alto
/content/dollargeneral/,store-directory/ga/ambrose,https://www.dollargeneral.com/store-directory/ga/ambrose
/content/dollargeneral/,store-directory/ga/americus,https://www.dollargeneral.com/store-directory/ga/americus
/content/dollargeneral/,store-directory/ga/appling,https://www.dollargeneral.com/store-directory/ga/appling
/content/dollargeneral/,store-directory/ga/arabi,https://www.dollargeneral.com/store-directory/ga/arabi
/content/dollargeneral/,store-directory/ga/aragon,https://www.dollargeneral.com/store-directory/ga/aragon
/content/dollargeneral/,store-directory/ga/arlington,https://www.dollargeneral.com/store-directory/ga/arlington
/content/dollargeneral/,store-directory/ga/armuchee,https://www.dollargeneral.com/store-directory/ga/armuchee
/content/dollargeneral/,store-directory/ga/ashburn,https://www.dollargeneral.com/store-directory/ga/ashburn
/content/dollargeneral/,store-directory/ga/athens,https://www.dollargeneral.com/store-directory/ga/athens
/content/dollargeneral/,store-directory/ga/atlanta,https://www.dollargeneral.com/store-directory/ga/atlanta
/content/dollargeneral/,store-directory/ga/attapulgus,https://www.dollargeneral.com/store-directory/ga/attapulgus
/content/dollargeneral/,store-directory/ga/auburn,https://www.dollargeneral.com/store-directory/ga/auburn
/content/dollargeneral/,store-directory/ga/augusta,https://www.dollargeneral.com/store-directory/ga/augusta
/content/dollargeneral/,store-directory/ga/austell,https://www.dollargeneral.com/store-directory/ga/austell
/content/dollargeneral/,store-directory/ga/avalon,https://www.dollargeneral.com/store-directory/ga/avalon
/content/dollargeneral/,store-directory/ga/axson,https://www.dollargeneral.com/store-directory/ga/axson
/content/dollargeneral/,store-directory/ga/baconton,https://www.dollargeneral.com/store-directory/ga/baconton
/content/dollargeneral/,store-directory/ga/bainbridge,https://www.dollargeneral.com/store-directory/ga/bainbridge
/content/dollargeneral/,store-directory/ga/baldwin,https://www.dollargeneral.com/store-directory/ga/baldwin
/content/dollargeneral/,store-directory/ga/ball-ground,https://www.dollargeneral.com/store-directory/ga/ball-ground
/content/dollargeneral/,store-directory/ga/barnesville,https://www.dollargeneral.com/store-directory/ga/barnesville
/content/dollargeneral/,store-directory/ga/barwick,https://www.dollargeneral.com/store-directory/ga/barwick
/content/dollargeneral/,store-directory/ga/baxley,https://www.dollargeneral.com/store-directory/ga/baxley
/content/dollargeneral/,store-directory/ga/berlin,https://www.dollargeneral.com/store-directory/ga/berlin
/content/dollargeneral/,store-directory/ga/bethlehem,https://www.dollargeneral.com/store-directory/ga/bethlehem
/content/dollargeneral/,store-directory/ga/bishop,https://www.dollargeneral.com/store-directory/ga/bishop
/content/dollargeneral/,store-directory/ga/black-creek,https://www.dollargeneral.com/store-directory/ga/black-creek
/content/dollargeneral/,store-directory/ga/blackshear,https://www.dollargeneral.com/store-directory/ga/blackshear
/content/dollargeneral/,store-directory/ga/blairsville,https://www.dollargeneral.com/store-directory/ga/blairsville
/content/dollargeneral/,store-directory/ga/blakely,https://www.dollargeneral.com/store-directory/ga/blakely
/content/dollargeneral/,store-directory/ga/bloomingdale,https://www.dollargeneral.com/store-directory/ga/bloomingdale
/content/dollargeneral/,store-directory/ga/blue-ridge,https://www.dollargeneral.com/store-directory/ga/blue-ridge
/content/dollargeneral/,store-directory/ga/blythe,https://www.dollargeneral.com/store-directory/ga/blythe
/content/dollargeneral/,store-directory/ga/bogart,https://www.dollargeneral.com/store-directory/ga/bogart
/content/dollargeneral/,store-directory/ga/bonaire,https://www.dollargeneral.com/store-directory/ga/bonaire
/content/dollargeneral/,store-directory/ga/boston,https://www.dollargeneral.com/store-directory/ga/boston
/content/dollargeneral/,store-directory/ga/bowdon,https://www.dollargeneral.com/store-directory/ga/bowdon
/content/dollargeneral/,store-directory/ga/bowman,https://www.dollargeneral.com/store-directory/ga/bowman
/content/dollargeneral/,store-directory/ga/box-springs,https://www.dollargeneral.com/store-directory/ga/box-springs
/content/dollargeneral/,store-directory/ga/braselton,https://www.dollargeneral.com/store-directory/ga/braselton
/content/dollargeneral/,store-directory/ga/bremen,https://www.dollargeneral.com/store-directory/ga/bremen
/content/dollargeneral/,store-directory/ga/bristol,https://www.dollargeneral.com/store-directory/ga/bristol
/content/dollargeneral/,store-directory/ga/brooklet,https://www.dollargeneral.com/store-directory/ga/brooklet
/content/dollargeneral/,store-directory/ga/brooks,https://www.dollargeneral.com/store-directory/ga/brooks
/content/dollargeneral/,store-directory/ga/broxton,https://www.dollargeneral.com/store-directory/ga/broxton
/content/dollargeneral/,store-directory/ga/brunswick,https://www.dollargeneral.com/store-directory/ga/brunswick
/content/dollargeneral/,store-directory/ga/buchanan,https://www.dollargeneral.com/store-directory/ga/buchanan
/content/dollargeneral/,store-directory/ga/buena-vista,https://www.dollargeneral.com/store-directory/ga/buena-vista
/content/dollargeneral/,store-directory/ga/buford,https://www.dollargeneral.com/store-directory/ga/buford
/content/dollargeneral/,store-directory/ga/butler,https://www.dollargeneral.com/store-directory/ga/butler
/content/dollargeneral/,store-directory/ga/byromville,https://www.dollargeneral.com/store-directory/ga/byromville
/content/dollargeneral/,store-directory/ga/byron,https://www.dollargeneral.com/store-directory/ga/byron
/content/dollargeneral/,store-directory/ga/cairo,https://www.dollargeneral.com/store-directory/ga/cairo
/content/dollargeneral/,store-directory/ga/calhoun,https://www.dollargeneral.com/store-directory/ga/calhoun
/content/dollargeneral/,store-directory/ga/camilla,https://www.dollargeneral.com/store-directory/ga/camilla
/content/dollargeneral/,store-directory/ga/canon,https://www.dollargeneral.com/store-directory/ga/canon
/content/dollargeneral/,store-directory/ga/canton,https://www.dollargeneral.com/store-directory/ga/canton
/content/dollargeneral/,store-directory/ga/carlton,https://www.dollargeneral.com/store-directory/ga/carlton
/content/dollargeneral/,store-directory/ga/carnesville,https://www.dollargeneral.com/store-directory/ga/carnesville
/content/dollargeneral/,store-directory/ga/carrollton,https://www.dollargeneral.com/store-directory/ga/carrollton
/content/dollargeneral/,store-directory/ga/cartersville,https://www.dollargeneral.com/store-directory/ga/cartersville
/content/dollargeneral/,store-directory/ga/cataula,https://www.dollargeneral.com/store-directory/ga/cataula
/content/dollargeneral/,store-directory/ga/cave-spring,https://www.dollargeneral.com/store-directory/ga/cave-spring
/content/dollargeneral/,store-directory/ga/cecil,https://www.dollargeneral.com/store-directory/ga/cecil
/content/dollargeneral/,store-directory/ga/cedartown,https://www.dollargeneral.com/store-directory/ga/cedartown
/content/dollargeneral/,store-directory/ga/centerville,https://www.dollargeneral.com/store-directory/ga/centerville
/content/dollargeneral/,store-directory/ga/chatsworth,https://www.dollargeneral.com/store-directory/ga/chatsworth
/content/dollargeneral/,store-directory/ga/chauncey,https://www.dollargeneral.com/store-directory/ga/chauncey
/content/dollargeneral/,store-directory/ga/chester,https://www.dollargeneral.com/store-directory/ga/chester
/content/dollargeneral/,store-directory/ga/chickamauga,https://www.dollargeneral.com/store-directory/ga/chickamauga
/content/dollargeneral/,store-directory/ga/chula,https://www.dollargeneral.com/store-directory/ga/chula
/content/dollargeneral/,store-directory/ga/clarkesville,https://www.dollargeneral.com/store-directory/ga/clarkesville
/content/dollargeneral/,store-directory/ga/clarkston,https://www.dollargeneral.com/store-directory/ga/clarkston
/content/dollargeneral/,store-directory/ga/claxton,https://www.dollargeneral.com/store-directory/ga/claxton
/content/dollargeneral/,store-directory/ga/clayton,https://www.dollargeneral.com/store-directory/ga/clayton
/content/dollargeneral/,store-directory/ga/clermont,https://www.dollargeneral.com/store-directory/ga/clermont
/content/dollargeneral/,store-directory/ga/cleveland,https://www.dollargeneral.com/store-directory/ga/cleveland
/content/dollargeneral/,store-directory/ga/climax,https://www.dollargeneral.com/store-directory/ga/climax
/content/dollargeneral/,store-directory/ga/clyattville,https://www.dollargeneral.com/store-directory/ga/clyattville
/content/dollargeneral/,store-directory/ga/clyo,https://www.dollargeneral.com/store-directory/ga/clyo
/content/dollargeneral/,store-directory/ga/cobbtown,https://www.dollargeneral.com/store-directory/ga/cobbtown
/content/dollargeneral/,store-directory/ga/cochran,https://www.dollargeneral.com/store-directory/ga/cochran
/content/dollargeneral/,store-directory/ga/cohutta,https://www.dollargeneral.com/store-directory/ga/cohutta
/content/dollargeneral/,store-directory/ga/colbert,https://www.dollargeneral.com/store-directory/ga/colbert
/content/dollargeneral/,store-directory/ga/college-park,https://www.dollargeneral.com/store-directory/ga/college-park
/content/dollargeneral/,store-directory/ga/collins,https://www.dollargeneral.com/store-directory/ga/collins
/content/dollargeneral/,store-directory/ga/colquitt,https://www.dollargeneral.com/store-directory/ga/colquitt
/content/dollargeneral/,store-directory/ga/columbus,https://www.dollargeneral.com/store-directory/ga/columbus
/content/dollargeneral/,store-directory/ga/comer,https://www.dollargeneral.com/store-directory/ga/comer
/content/dollargeneral/,store-directory/ga/commerce,https://www.dollargeneral.com/store-directory/ga/commerce
/content/dollargeneral/,store-directory/ga/concord,https://www.dollargeneral.com/store-directory/ga/concord
/content/dollargeneral/,store-directory/ga/conyers,https://www.dollargeneral.com/store-directory/ga/conyers
/content/dollargeneral/,store-directory/ga/coolidge,https://www.dollargeneral.com/store-directory/ga/coolidge
/content/dollargeneral/,store-directory/ga/coosa,https://www.dollargeneral.com/store-directory/ga/coosa
/content/dollargeneral/,store-directory/ga/cordele,https://www.dollargeneral.com/store-directory/ga/cordele
/content/dollargeneral/,store-directory/ga/cornelia,https://www.dollargeneral.com/store-directory/ga/cornelia
/content/dollargeneral/,store-directory/ga/covington,https://www.dollargeneral.com/store-directory/ga/covington
/content/dollargeneral/,store-directory/ga/crandall,https://www.dollargeneral.com/store-directory/ga/crandall
/content/dollargeneral/,store-directory/ga/crawford,https://www.dollargeneral.com/store-directory/ga/crawford
/content/dollargeneral/,store-directory/ga/crawfordville,https://www.dollargeneral.com/store-directory/ga/crawfordville
/content/dollargeneral/,store-directory/ga/cumming,https://www.dollargeneral.com/store-directory/ga/cumming
/content/dollargeneral/,store-directory/ga/cusseta,https://www.dollargeneral.com/store-directory/ga/cusseta
/content/dollargeneral/,store-directory/ga/cuthbert,https://www.dollargeneral.com/store-directory/ga/cuthbert
/content/dollargeneral/,store-directory/ga/dacula,https://www.dollargeneral.com/store-directory/ga/dacula
/content/dollargeneral/,store-directory/ga/dahlonega,https://www.dollargeneral.com/store-directory/ga/dahlonega
/content/dollargeneral/,store-directory/ga/dallas,https://www.dollargeneral.com/store-directory/ga/dallas
/content/dollargeneral/,store-directory/ga/dalton,https://www.dollargeneral.com/store-directory/ga/dalton
/content/dollargeneral/,store-directory/ga/damascus,https://www.dollargeneral.com/store-directory/ga/damascus
/content/dollargeneral/,store-directory/ga/danielsville,https://www.dollargeneral.com/store-directory/ga/danielsville
/content/dollargeneral/,store-directory/ga/darien,https://www.dollargeneral.com/store-directory/ga/darien
/content/dollargeneral/,store-directory/ga/davisboro,https://www.dollargeneral.com/store-directory/ga/davisboro
/content/dollargeneral/,store-directory/ga/dawson,https://www.dollargeneral.com/store-directory/ga/dawson
/content/dollargeneral/,store-directory/ga/dawsonville,https://www.dollargeneral.com/store-directory/ga/dawsonville
/content/dollargeneral/,store-directory/ga/dearing,https://www.dollargeneral.com/store-directory/ga/dearing
/content/dollargeneral/,store-directory/ga/decatur,https://www.dollargeneral.com/store-directory/ga/decatur
/content/dollargeneral/,store-directory/ga/denton,https://www.dollargeneral.com/store-directory/ga/denton
/content/dollargeneral/,store-directory/ga/dewy-rose,https://www.dollargeneral.com/store-directory/ga/dewy-rose
/content/dollargeneral/,store-directory/ga/dexter,https://www.dollargeneral.com/store-directory/ga/dexter
/content/dollargeneral/,store-directory/ga/dillard,https://www.dollargeneral.com/store-directory/ga/dillard
/content/dollargeneral/,store-directory/ga/doerun,https://www.dollargeneral.com/store-directory/ga/doerun
/content/dollargeneral/,store-directory/ga/donalsonville,https://www.dollargeneral.com/store-directory/ga/donalsonville
/content/dollargeneral/,store-directory/ga/doraville,https://www.dollargeneral.com/store-directory/ga/doraville
/content/dollargeneral/,store-directory/ga/douglas,https://www.dollargeneral.com/store-directory/ga/douglas
/content/dollargeneral/,store-directory/ga/douglasville,https://www.dollargeneral.com/store-directory/ga/douglasville
/content/dollargeneral/,store-directory/ga/dublin,https://www.dollargeneral.com/store-directory/ga/dublin
/content/dollargeneral/,store-directory/ga/dudley,https://www.dollargeneral.com/store-directory/ga/dudley
/content/dollargeneral/,store-directory/ga/duluth,https://www.dollargeneral.com/store-directory/ga/duluth
/content/dollargeneral/,store-directory/ga/east-dublin,https://www.dollargeneral.com/store-directory/ga/east-dublin
/content/dollargeneral/,store-directory/ga/east-point,https://www.dollargeneral.com/store-directory/ga/east-point
/content/dollargeneral/,store-directory/ga/eastman,https://www.dollargeneral.com/store-directory/ga/eastman
/content/dollargeneral/,store-directory/ga/eatonton,https://www.dollargeneral.com/store-directory/ga/eatonton
/content/dollargeneral/,store-directory/ga/eden,https://www.dollargeneral.com/store-directory/ga/eden
/content/dollargeneral/,store-directory/ga/edison,https://www.dollargeneral.com/store-directory/ga/edison
/content/dollargeneral/,store-directory/ga/elberton,https://www.dollargeneral.com/store-directory/ga/elberton
/content/dollargeneral/,store-directory/ga/ellabell,https://www.dollargeneral.com/store-directory/ga/ellabell
/content/dollargeneral/,store-directory/ga/ellaville,https://www.dollargeneral.com/store-directory/ga/ellaville
/content/dollargeneral/,store-directory/ga/ellenwood,https://www.dollargeneral.com/store-directory/ga/ellenwood
/content/dollargeneral/,store-directory/ga/ellerslie,https://www.dollargeneral.com/store-directory/ga/ellerslie
/content/dollargeneral/,store-directory/ga/ellijay,https://www.dollargeneral.com/store-directory/ga/ellijay
/content/dollargeneral/,store-directory/ga/emerson,https://www.dollargeneral.com/store-directory/ga/emerson
/content/dollargeneral/,store-directory/ga/enigma,https://www.dollargeneral.com/store-directory/ga/enigma
/content/dollargeneral/,store-directory/ga/eton,https://www.dollargeneral.com/store-directory/ga/eton
/content/dollargeneral/,store-directory/ga/euharlee,https://www.dollargeneral.com/store-directory/ga/euharlee
/content/dollargeneral/,store-directory/ga/evans,https://www.dollargeneral.com/store-directory/ga/evans
/content/dollargeneral/,store-directory/ga/fairburn,https://www.dollargeneral.com/store-directory/ga/fairburn
/content/dollargeneral/,store-directory/ga/fairmount,https://www.dollargeneral.com/store-directory/ga/fairmount
/content/dollargeneral/,store-directory/ga/fargo,https://www.dollargeneral.com/store-directory/ga/fargo
/content/dollargeneral/,store-directory/ga/fayetteville,https://www.dollargeneral.com/store-directory/ga/fayetteville
/content/dollargeneral/,store-directory/ga/fitzgerald,https://www.dollargeneral.com/store-directory/ga/fitzgerald
/content/dollargeneral/,store-directory/ga/fleming,https://www.dollargeneral.com/store-directory/ga/fleming
/content/dollargeneral/,store-directory/ga/flintstone,https://www.dollargeneral.com/store-directory/ga/flintstone
/content/dollargeneral/,store-directory/ga/flovilla,https://www.dollargeneral.com/store-directory/ga/flovilla
/content/dollargeneral/,store-directory/ga/flowery-branch,https://www.dollargeneral.com/store-directory/ga/flowery-branch
/content/dollargeneral/,store-directory/ga/folkston,https://www.dollargeneral.com/store-directory/ga/folkston
/content/dollargeneral/,store-directory/ga/forest-park,https://www.dollargeneral.com/store-directory/ga/forest-park
/content/dollargeneral/,store-directory/ga/forsyth,https://www.dollargeneral.com/store-directory/ga/forsyth
/content/dollargeneral/,store-directory/ga/fort-gaines,https://www.dollargeneral.com/store-directory/ga/fort-gaines
/content/dollargeneral/,store-directory/ga/fort-oglethorpe,https://www.dollargeneral.com/store-directory/ga/fort-oglethorpe
/content/dollargeneral/,store-directory/ga/fort-valley,https://www.dollargeneral.com/store-directory/ga/fort-valley
/content/dollargeneral/,store-directory/ga/fortson,https://www.dollargeneral.com/store-directory/ga/fortson
/content/dollargeneral/,store-directory/ga/franklin,https://www.dollargeneral.com/store-directory/ga/franklin
/content/dollargeneral/,store-directory/ga/gainesville,https://www.dollargeneral.com/store-directory/ga/gainesville
/content/dollargeneral/,store-directory/ga/garden-city,https://www.dollargeneral.com/store-directory/ga/garden-city
/content/dollargeneral/,store-directory/ga/garfield,https://www.dollargeneral.com/store-directory/ga/garfield
/content/dollargeneral/,store-directory/ga/gay,https://www.dollargeneral.com/store-directory/ga/gay
/content/dollargeneral/,store-directory/ga/geneva,https://www.dollargeneral.com/store-directory/ga/geneva
/content/dollargeneral/,store-directory/ga/georgetown,https://www.dollargeneral.com/store-directory/ga/georgetown
/content/dollargeneral/,store-directory/ga/gibson,https://www.dollargeneral.com/store-directory/ga/gibson
/content/dollargeneral/,store-directory/ga/gillsville,https://www.dollargeneral.com/store-directory/ga/gillsville
/content/dollargeneral/,store-directory/ga/glennville,https://www.dollargeneral.com/store-directory/ga/glennville
/content/dollargeneral/,store-directory/ga/glenwood,https://www.dollargeneral.com/store-directory/ga/glenwood
/content/dollargeneral/,store-directory/ga/good-hope,https://www.dollargeneral.com/store-directory/ga/good-hope
/content/dollargeneral/,store-directory/ga/gordon,https://www.dollargeneral.com/store-directory/ga/gordon
/content/dollargeneral/,store-directory/ga/grantville,https://www.dollargeneral.com/store-directory/ga/grantville
/content/dollargeneral/,store-directory/ga/gray,https://www.dollargeneral.com/store-directory/ga/gray
/content/dollargeneral/,store-directory/ga/greensboro,https://www.dollargeneral.com/store-directory/ga/greensboro
/content/dollargeneral/,store-directory/ga/greenville,https://www.dollargeneral.com/store-directory/ga/greenville
/content/dollargeneral/,store-directory/ga/griffin,https://www.dollargeneral.com/store-directory/ga/griffin
/content/dollargeneral/,store-directory/ga/grovetown,https://www.dollargeneral.com/store-directory/ga/grovetown
/content/dollargeneral/,store-directory/ga/guyton,https://www.dollargeneral.com/store-directory/ga/guyton
/content/dollargeneral/,store-directory/ga/haddock,https://www.dollargeneral.com/store-directory/ga/haddock
/content/dollargeneral/,store-directory/ga/hahira,https://www.dollargeneral.com/store-directory/ga/hahira
/content/dollargeneral/,store-directory/ga/hamilton,https://www.dollargeneral.com/store-directory/ga/hamilton
/content/dollargeneral/,store-directory/ga/hampton,https://www.dollargeneral.com/store-directory/ga/hampton
/content/dollargeneral/,store-directory/ga/haralson,https://www.dollargeneral.com/store-directory/ga/haralson
/content/dollargeneral/,store-directory/ga/harlem,https://www.dollargeneral.com/store-directory/ga/harlem
/content/dollargeneral/,store-directory/ga/harrison,https://www.dollargeneral.com/store-directory/ga/harrison
/content/dollargeneral/,store-directory/ga/hartwell,https://www.dollargeneral.com/store-directory/ga/hartwell
/content/dollargeneral/,store-directory/ga/hawkinsville,https://www.dollargeneral.com/store-directory/ga/hawkinsville
/content/dollargeneral/,store-directory/ga/hazlehurst,https://www.dollargeneral.com/store-directory/ga/hazlehurst
/content/dollargeneral/,store-directory/ga/helen,https://www.dollargeneral.com/store-directory/ga/helen
/content/dollargeneral/,store-directory/ga/hephzibah,https://www.dollargeneral.com/store-directory/ga/hephzibah
/content/dollargeneral/,store-directory/ga/hiawassee,https://www.dollargeneral.com/store-directory/ga/hiawassee
/content/dollargeneral/,store-directory/ga/hiltonia,https://www.dollargeneral.com/store-directory/ga/hiltonia
/content/dollargeneral/,store-directory/ga/hinesville,https://www.dollargeneral.com/store-directory/ga/hinesville
/content/dollargeneral/,store-directory/ga/hiram,https://www.dollargeneral.com/store-directory/ga/hiram
/content/dollargeneral/,store-directory/ga/hoboken,https://www.dollargeneral.com/store-directory/ga/hoboken
/content/dollargeneral/,store-directory/ga/hogansville,https://www.dollargeneral.com/store-directory/ga/hogansville
/content/dollargeneral/,store-directory/ga/homer,https://www.dollargeneral.com/store-directory/ga/homer
/content/dollargeneral/,store-directory/ga/homerville,https://www.dollargeneral.com/store-directory/ga/homerville
/content/dollargeneral/,store-directory/ga/hortense,https://www.dollargeneral.com/store-directory/ga/hortense
/content/dollargeneral/,store-directory/ga/hoschton,https://www.dollargeneral.com/store-directory/ga/hoschton
/content/dollargeneral/,store-directory/ga/hull,https://www.dollargeneral.com/store-directory/ga/hull
/content/dollargeneral/,store-directory/ga/ideal,https://www.dollargeneral.com/store-directory/ga/ideal
/content/dollargeneral/,store-directory/ga/ila,https://www.dollargeneral.com/store-directory/ga/ila
/content/dollargeneral/,store-directory/ga/iron-city,https://www.dollargeneral.com/store-directory/ga/iron-city
/content/dollargeneral/,store-directory/ga/irwinton,https://www.dollargeneral.com/store-directory/ga/irwinton
/content/dollargeneral/,store-directory/ga/jackson,https://www.dollargeneral.com/store-directory/ga/jackson
/content/dollargeneral/,store-directory/ga/jacksonville,https://www.dollargeneral.com/store-directory/ga/jacksonville
/content/dollargeneral/,store-directory/ga/jakin,https://www.dollargeneral.com/store-directory/ga/jakin
/content/dollargeneral/,store-directory/ga/jasper,https://www.dollargeneral.com/store-directory/ga/jasper
/content/dollargeneral/,store-directory/ga/jefferson,https://www.dollargeneral.com/store-directory/ga/jefferson
/content/dollargeneral/,store-directory/ga/jeffersonville,https://www.dollargeneral.com/store-directory/ga/jeffersonville
/content/dollargeneral/,store-directory/ga/jenkinsburg,https://www.dollargeneral.com/store-directory/ga/jenkinsburg
/content/dollargeneral/,store-directory/ga/jesup,https://www.dollargeneral.com/store-directory/ga/jesup
/content/dollargeneral/,store-directory/ga/jonesboro,https://www.dollargeneral.com/store-directory/ga/jonesboro
/content/dollargeneral/,store-directory/ga/juliette,https://www.dollargeneral.com/store-directory/ga/juliette
/content/dollargeneral/,store-directory/ga/kathleen,https://www.dollargeneral.com/store-directory/ga/kathleen
/content/dollargeneral/,store-directory/ga/kennesaw,https://www.dollargeneral.com/store-directory/ga/kennesaw
/content/dollargeneral/,store-directory/ga/kingsland,https://www.dollargeneral.com/store-directory/ga/kingsland
/content/dollargeneral/,store-directory/ga/kingston,https://www.dollargeneral.com/store-directory/ga/kingston
/content/dollargeneral/,store-directory/ga/kite,https://www.dollargeneral.com/store-directory/ga/kite
/content/dollargeneral/,store-directory/ga/la-fayette,https://www.dollargeneral.com/store-directory/ga/la-fayette
/content/dollargeneral/,store-directory/ga/lafayette,https://www.dollargeneral.com/store-directory/ga/lafayette
/content/dollargeneral/,store-directory/ga/lagrange,https://www.dollargeneral.com/store-directory/ga/lagrange
/content/dollargeneral/,store-directory/ga/lake-city,https://www.dollargeneral.com/store-directory/ga/lake-city
/content/dollargeneral/,store-directory/ga/lake-park,https://www.dollargeneral.com/store-directory/ga/lake-park
/content/dollargeneral/,store-directory/ga/lakeland,https://www.dollargeneral.com/store-directory/ga/lakeland
/content/dollargeneral/,store-directory/ga/lavonia,https://www.dollargeneral.com/store-directory/ga/lavonia
/content/dollargeneral/,store-directory/ga/lawrenceville,https://www.dollargeneral.com/store-directory/ga/lawrenceville
/content/dollargeneral/,store-directory/ga/leesburg,https://www.dollargeneral.com/store-directory/ga/leesburg
/content/dollargeneral/,store-directory/ga/lenox,https://www.dollargeneral.com/store-directory/ga/lenox
/content/dollargeneral/,store-directory/ga/leslie,https://www.dollargeneral.com/store-directory/ga/leslie
/content/dollargeneral/,store-directory/ga/lilburn,https://www.dollargeneral.com/store-directory/ga/lilburn
/content/dollargeneral/,store-directory/ga/lincolnton,https://www.dollargeneral.com/store-directory/ga/lincolnton
/content/dollargeneral/,store-directory/ga/lindale,https://www.dollargeneral.com/store-directory/ga/lindale
/content/dollargeneral/,store-directory/ga/lithia-springs,https://www.dollargeneral.com/store-directory/ga/lithia-springs
/content/dollargeneral/,store-directory/ga/lithonia,https://www.dollargeneral.com/store-directory/ga/lithonia
/content/dollargeneral/,store-directory/ga/lizella,https://www.dollargeneral.com/store-directory/ga/lizella
/content/dollargeneral/,store-directory/ga/locust-grove,https://www.dollargeneral.com/store-directory/ga/locust-grove
/content/dollargeneral/,store-directory/ga/loganville,https://www.dollargeneral.com/store-directory/ga/loganville
/content/dollargeneral/,store-directory/ga/lookout-mountain,https://www.dollargeneral.com/store-directory/ga/lookout-mountain
/content/dollargeneral/,store-directory/ga/louisville,https://www.dollargeneral.com/store-directory/ga/louisville
/content/dollargeneral/,store-directory/ga/ludowici,https://www.dollargeneral.com/store-directory/ga/ludowici
/content/dollargeneral/,store-directory/ga/lula,https://www.dollargeneral.com/store-directory/ga/lula
/content/dollargeneral/,store-directory/ga/lumber-city,https://www.dollargeneral.com/store-directory/ga/lumber-city
/content/dollargeneral/,store-directory/ga/lumpkin,https://www.dollargeneral.com/store-directory/ga/lumpkin
/content/dollargeneral/,store-directory/ga/luthersville,https://www.dollargeneral.com/store-directory/ga/luthersville
/content/dollargeneral/,store-directory/ga/lyerly,https://www.dollargeneral.com/store-directory/ga/lyerly
/content/dollargeneral/,store-directory/ga/lyons,https://www.dollargeneral.com/store-directory/ga/lyons
/content/dollargeneral/,store-directory/ga/mableton,https://www.dollargeneral.com/store-directory/ga/mableton
/content/dollargeneral/,store-directory/ga/macon,https://www.dollargeneral.com/store-directory/ga/macon
/content/dollargeneral/,store-directory/ga/madison,https://www.dollargeneral.com/store-directory/ga/madison
/content/dollargeneral/,store-directory/ga/manchester,https://www.dollargeneral.com/store-directory/ga/manchester
/content/dollargeneral/,store-directory/ga/marble-hill,https://www.dollargeneral.com/store-directory/ga/marble-hill
/content/dollargeneral/,store-directory/ga/marietta,https://www.dollargeneral.com/store-directory/ga/marietta
/content/dollargeneral/,store-directory/ga/marshallville,https://www.dollargeneral.com/store-directory/ga/marshallville
/content/dollargeneral/,store-directory/ga/martin,https://www.dollargeneral.com/store-directory/ga/martin
/content/dollargeneral/,store-directory/ga/martinez,https://www.dollargeneral.com/store-directory/ga/martinez
/content/dollargeneral/,store-directory/ga/mauk,https://www.dollargeneral.com/store-directory/ga/mauk
/content/dollargeneral/,store-directory/ga/maysville,https://www.dollargeneral.com/store-directory/ga/maysville
/content/dollargeneral/,store-directory/ga/mc-rae-helena,https://www.dollargeneral.com/store-directory/ga/mc-rae-helena
/content/dollargeneral/,store-directory/ga/mcdonough,https://www.dollargeneral.com/store-directory/ga/mcdonough
/content/dollargeneral/,store-directory/ga/meigs,https://www.dollargeneral.com/store-directory/ga/meigs
/content/dollargeneral/,store-directory/ga/menlo,https://www.dollargeneral.com/store-directory/ga/menlo
/content/dollargeneral/,store-directory/ga/metter,https://www.dollargeneral.com/store-directory/ga/metter
/content/dollargeneral/,store-directory/ga/midland,https://www.dollargeneral.com/store-directory/ga/midland
/content/dollargeneral/,store-directory/ga/midville,https://www.dollargeneral.com/store-directory/ga/midville
/content/dollargeneral/,store-directory/ga/midway,https://www.dollargeneral.com/store-directory/ga/midway
/content/dollargeneral/,store-directory/ga/milan,https://www.dollargeneral.com/store-directory/ga/milan
/content/dollargeneral/,store-directory/ga/milledgeville,https://www.dollargeneral.com/store-directory/ga/milledgeville
/content/dollargeneral/,store-directory/ga/millen,https://www.dollargeneral.com/store-directory/ga/millen
/content/dollargeneral/,store-directory/ga/milner,https://www.dollargeneral.com/store-directory/ga/milner
/content/dollargeneral/,store-directory/ga/mineral-bluff,https://www.dollargeneral.com/store-directory/ga/mineral-bluff
/content/dollargeneral/,store-directory/ga/molena,https://www.dollargeneral.com/store-directory/ga/molena
/content/dollargeneral/,store-directory/ga/monroe,https://www.dollargeneral.com/store-directory/ga/monroe
/content/dollargeneral/,store-directory/ga/montezuma,https://www.dollargeneral.com/store-directory/ga/montezuma
/content/dollargeneral/,store-directory/ga/monticello,https://www.dollargeneral.com/store-directory/ga/monticello
/content/dollargeneral/,store-directory/ga/morganton,https://www.dollargeneral.com/store-directory/ga/morganton
/content/dollargeneral/,store-directory/ga/morrow,https://www.dollargeneral.com/store-directory/ga/morrow
/content/dollargeneral/,store-directory/ga/morven,https://www.dollargeneral.com/store-directory/ga/morven
/content/dollargeneral/,store-directory/ga/moultrie,https://www.dollargeneral.com/store-directory/ga/moultrie
/content/dollargeneral/,store-directory/ga/mount-airy,https://www.dollargeneral.com/store-directory/ga/mount-airy
/content/dollargeneral/,store-directory/ga/mount-vernon,https://www.dollargeneral.com/store-directory/ga/mount-vernon
/content/dollargeneral/,store-directory/ga/murrayville,https://www.dollargeneral.com/store-directory/ga/murrayville
/content/dollargeneral/,store-directory/ga/nahunta,https://www.dollargeneral.com/store-directory/ga/nahunta
/content/dollargeneral/,store-directory/ga/nashville,https://www.dollargeneral.com/store-directory/ga/nashville
/content/dollargeneral/,store-directory/ga/naylor,https://www.dollargeneral.com/store-directory/ga/naylor
/content/dollargeneral/,store-directory/ga/newborn,https://www.dollargeneral.com/store-directory/ga/newborn
/content/dollargeneral/,store-directory/ga/newington,https://www.dollargeneral.com/store-directory/ga/newington
/content/dollargeneral/,store-directory/ga/newnan,https://www.dollargeneral.com/store-directory/ga/newnan
/content/dollargeneral/,store-directory/ga/newton,https://www.dollargeneral.com/store-directory/ga/newton
/content/dollargeneral/,store-directory/ga/nicholls,https://www.dollargeneral.com/store-directory/ga/nicholls
/content/dollargeneral/,store-directory/ga/nicholson,https://www.dollargeneral.com/store-directory/ga/nicholson
/content/dollargeneral/,store-directory/ga/norcross,https://www.dollargeneral.com/store-directory/ga/norcross
/content/dollargeneral/,store-directory/ga/norman-park,https://www.dollargeneral.com/store-directory/ga/norman-park
/content/dollargeneral/,store-directory/ga/oakwood,https://www.dollargeneral.com/store-directory/ga/oakwood
/content/dollargeneral/,store-directory/ga/ochlocknee,https://www.dollargeneral.com/store-directory/ga/ochlocknee
/content/dollargeneral/,store-directory/ga/ocilla,https://www.dollargeneral.com/store-directory/ga/ocilla
/content/dollargeneral/,store-directory/ga/odum,https://www.dollargeneral.com/store-directory/ga/odum
/content/dollargeneral/,store-directory/ga/oglethorpe,https://www.dollargeneral.com/store-directory/ga/oglethorpe
/content/dollargeneral/,store-directory/ga/omega,https://www.dollargeneral.com/store-directory/ga/omega
/content/dollargeneral/,store-directory/ga/orchard-hill,https://www.dollargeneral.com/store-directory/ga/orchard-hill
/content/dollargeneral/,store-directory/ga/oxford,https://www.dollargeneral.com/store-directory/ga/oxford
/content/dollargeneral/,store-directory/ga/palmetto,https://www.dollargeneral.com/store-directory/ga/palmetto
/content/dollargeneral/,store-directory/ga/patterson,https://www.dollargeneral.com/store-directory/ga/patterson
/content/dollargeneral/,store-directory/ga/pavo,https://www.dollargeneral.com/store-directory/ga/pavo
/content/dollargeneral/,store-directory/ga/pearson,https://www.dollargeneral.com/store-directory/ga/pearson
/content/dollargeneral/,store-directory/ga/pelham,https://www.dollargeneral.com/store-directory/ga/pelham
/content/dollargeneral/,store-directory/ga/pembroke,https://www.dollargeneral.com/store-directory/ga/pembroke
/content/dollargeneral/,store-directory/ga/perry,https://www.dollargeneral.com/store-directory/ga/perry
/content/dollargeneral/,store-directory/ga/pine-mountain,https://www.dollargeneral.com/store-directory/ga/pine-mountain
/content/dollargeneral/,store-directory/ga/pine-mountain-valley,https://www.dollargeneral.com/store-directory/ga/pine-mountain-valley
/content/dollargeneral/,store-directory/ga/pineview,https://www.dollargeneral.com/store-directory/ga/pineview
/content/dollargeneral/,store-directory/ga/pitts,https://www.dollargeneral.com/store-directory/ga/pitts
/content/dollargeneral/,store-directory/ga/plains,https://www.dollargeneral.com/store-directory/ga/plains
/content/dollargeneral/,store-directory/ga/plainville,https://www.dollargeneral.com/store-directory/ga/plainville
/content/dollargeneral/,store-directory/ga/pooler,https://www.dollargeneral.com/store-directory/ga/pooler
/content/dollargeneral/,store-directory/ga/port-wentworth,https://www.dollargeneral.com/store-directory/ga/port-wentworth
/content/dollargeneral/,store-directory/ga/portal,https://www.dollargeneral.com/store-directory/ga/portal
/content/dollargeneral/,store-directory/ga/powder-springs,https://www.dollargeneral.com/store-directory/ga/powder-springs
/content/dollargeneral/,store-directory/ga/preston,https://www.dollargeneral.com/store-directory/ga/preston
/content/dollargeneral/,store-directory/ga/quitman,https://www.dollargeneral.com/store-directory/ga/quitman
/content/dollargeneral/,store-directory/ga/ranger,https://www.dollargeneral.com/store-directory/ga/ranger
/content/dollargeneral/,store-directory/ga/ray-city,https://www.dollargeneral.com/store-directory/ga/ray-city
/content/dollargeneral/,store-directory/ga/rayle,https://www.dollargeneral.com/store-directory/ga/rayle
/content/dollargeneral/,store-directory/ga/reidsville,https://www.dollargeneral.com/store-directory/ga/reidsville
/content/dollargeneral/,store-directory/ga/rentz,https://www.dollargeneral.com/store-directory/ga/rentz
/content/dollargeneral/,store-directory/ga/resaca,https://www.dollargeneral.com/store-directory/ga/resaca
/content/dollargeneral/,store-directory/ga/rex,https://www.dollargeneral.com/store-directory/ga/rex
/content/dollargeneral/,store-directory/ga/reynolds,https://www.dollargeneral.com/store-directory/ga/reynolds
/content/dollargeneral/,store-directory/ga/riceboro,https://www.dollargeneral.com/store-directory/ga/riceboro
/content/dollargeneral/,store-directory/ga/richland,https://www.dollargeneral.com/store-directory/ga/richland
/content/dollargeneral/,store-directory/ga/richmond-hill,https://www.dollargeneral.com/store-directory/ga/richmond-hill
/content/dollargeneral/,store-directory/ga/rincon,https://www.dollargeneral.com/store-directory/ga/rincon
/content/dollargeneral/,store-directory/ga/ringgold,https://www.dollargeneral.com/store-directory/ga/ringgold
/content/dollargeneral/,store-directory/ga/rising-fawn,https://www.dollargeneral.com/store-directory/ga/rising-fawn
/content/dollargeneral/,store-directory/ga/riverdale,https://www.dollargeneral.com/store-directory/ga/riverdale
/content/dollargeneral/,store-directory/ga/roberta,https://www.dollargeneral.com/store-directory/ga/roberta
/content/dollargeneral/,store-directory/ga/rochelle,https://www.dollargeneral.com/store-directory/ga/rochelle
/content/dollargeneral/,store-directory/ga/rock-spring,https://www.dollargeneral.com/store-directory/ga/rock-spring
/content/dollargeneral/,store-directory/ga/rockmart,https://www.dollargeneral.com/store-directory/ga/rockmart
/content/dollargeneral/,store-directory/ga/rocky-face,https://www.dollargeneral.com/store-directory/ga/rocky-face
/content/dollargeneral/,store-directory/ga/rome,https://www.dollargeneral.com/store-directory/ga/rome
/content/dollargeneral/,store-directory/ga/roopville,https://www.dollargeneral.com/store-directory/ga/roopville
/content/dollargeneral/,store-directory/ga/rossville,https://www.dollargeneral.com/store-directory/ga/rossville
/content/dollargeneral/,store-directory/ga/royston,https://www.dollargeneral.com/store-directory/ga/royston
/content/dollargeneral/,store-directory/ga/rutledge,https://www.dollargeneral.com/store-directory/ga/rutledge
/content/dollargeneral/,store-directory/ga/rydal,https://www.dollargeneral.com/store-directory/ga/rydal
/content/dollargeneral/,store-directory/ga/saint-george,https://www.dollargeneral.com/store-directory/ga/saint-george
/content/dollargeneral/,store-directory/ga/saint-marys,https://www.dollargeneral.com/store-directory/ga/saint-marys
/content/dollargeneral/,store-directory/ga/sandersville,https://www.dollargeneral.com/store-directory/ga/sandersville
/content/dollargeneral/,store-directory/ga/sardis,https://www.dollargeneral.com/store-directory/ga/sardis
/content/dollargeneral/,store-directory/ga/savannah,https://www.dollargeneral.com/store-directory/ga/savannah
/content/dollargeneral/,store-directory/ga/scottdale,https://www.dollargeneral.com/store-directory/ga/scottdale
/content/dollargeneral/,store-directory/ga/senoia,https://www.dollargeneral.com/store-directory/ga/senoia
/content/dollargeneral/,store-directory/ga/shady-dale,https://www.dollargeneral.com/store-directory/ga/shady-dale
/content/dollargeneral/,store-directory/ga/sharpsburg,https://www.dollargeneral.com/store-directory/ga/sharpsburg
/content/dollargeneral/,store-directory/ga/shellman,https://www.dollargeneral.com/store-directory/ga/shellman
/content/dollargeneral/,store-directory/ga/shiloh,https://www.dollargeneral.com/store-directory/ga/shiloh
/content/dollargeneral/,store-directory/ga/smithville,https://www.dollargeneral.com/store-directory/ga/smithville
/content/dollargeneral/,store-directory/ga/smyrna,https://www.dollargeneral.com/store-directory/ga/smyrna
/content/dollargeneral/,store-directory/ga/snellville,https://www.dollargeneral.com/store-directory/ga/snellville
/content/dollargeneral/,store-directory/ga/social-circle,https://www.dollargeneral.com/store-directory/ga/social-circle
/content/dollargeneral/,store-directory/ga/soperton,https://www.dollargeneral.com/store-directory/ga/soperton
/content/dollargeneral/,store-directory/ga/sparks,https://www.dollargeneral.com/store-directory/ga/sparks
/content/dollargeneral/,store-directory/ga/sparta,https://www.dollargeneral.com/store-directory/ga/sparta
/content/dollargeneral/,store-directory/ga/springfield,https://www.dollargeneral.com/store-directory/ga/springfield
/content/dollargeneral/,store-directory/ga/stapleton,https://www.dollargeneral.com/store-directory/ga/stapleton
/content/dollargeneral/,store-directory/ga/statenville,https://www.dollargeneral.com/store-directory/ga/statenville
/content/dollargeneral/,store-directory/ga/statesboro,https://www.dollargeneral.com/store-directory/ga/statesboro
/content/dollargeneral/,store-directory/ga/statham,https://www.dollargeneral.com/store-directory/ga/statham
/content/dollargeneral/,store-directory/ga/stockbridge,https://www.dollargeneral.com/store-directory/ga/stockbridge
/content/dollargeneral/,store-directory/ga/stone-mountain,https://www.dollargeneral.com/store-directory/ga/stone-mountain
/content/dollargeneral/,store-directory/ga/sugar-valley,https://www.dollargeneral.com/store-directory/ga/sugar-valley
/content/dollargeneral/,store-directory/ga/summerville,https://www.dollargeneral.com/store-directory/ga/summerville
/content/dollargeneral/,store-directory/ga/sumner,https://www.dollargeneral.com/store-directory/ga/sumner
/content/dollargeneral/,store-directory/ga/surrency,https://www.dollargeneral.com/store-directory/ga/surrency
/content/dollargeneral/,store-directory/ga/suwanee,https://www.dollargeneral.com/store-directory/ga/suwanee
/content/dollargeneral/,store-directory/ga/swainsboro,https://www.dollargeneral.com/store-directory/ga/swainsboro
/content/dollargeneral/,store-directory/ga/sycamore,https://www.dollargeneral.com/store-directory/ga/sycamore
/content/dollargeneral/,store-directory/ga/sylvania,https://www.dollargeneral.com/store-directory/ga/sylvania
/content/dollargeneral/,store-directory/ga/sylvester,https://www.dollargeneral.com/store-directory/ga/sylvester
/content/dollargeneral/,store-directory/ga/talbotton,https://www.dollargeneral.com/store-directory/ga/talbotton
/content/dollargeneral/,store-directory/ga/talking-rock,https://www.dollargeneral.com/store-directory/ga/talking-rock
/content/dollargeneral/,store-directory/ga/tallapoosa,https://www.dollargeneral.com/store-directory/ga/tallapoosa
/content/dollargeneral/,store-directory/ga/talmo,https://www.dollargeneral.com/store-directory/ga/talmo
/content/dollargeneral/,store-directory/ga/taylorsville,https://www.dollargeneral.com/store-directory/ga/taylorsville
/content/dollargeneral/,store-directory/ga/temple,https://www.dollargeneral.com/store-directory/ga/temple
/content/dollargeneral/,store-directory/ga/tennga,https://www.dollargeneral.com/store-directory/ga/tennga
/content/dollargeneral/,store-directory/ga/tennille,https://www.dollargeneral.com/store-directory/ga/tennille
/content/dollargeneral/,store-directory/ga/thomaston,https://www.dollargeneral.com/store-directory/ga/thomaston
/content/dollargeneral/,store-directory/ga/thomasville,https://www.dollargeneral.com/store-directory/ga/thomasville
/content/dollargeneral/,store-directory/ga/thomson,https://www.dollargeneral.com/store-directory/ga/thomson
/content/dollargeneral/,store-directory/ga/tifton,https://www.dollargeneral.com/store-directory/ga/tifton
/content/dollargeneral/,store-directory/ga/tiger,https://www.dollargeneral.com/store-directory/ga/tiger
/content/dollargeneral/,store-directory/ga/tignall,https://www.dollargeneral.com/store-directory/ga/tignall
/content/dollargeneral/,store-directory/ga/toccoa,https://www.dollargeneral.com/store-directory/ga/toccoa
/content/dollargeneral/,store-directory/ga/toomsboro,https://www.dollargeneral.com/store-directory/ga/toomsboro
/content/dollargeneral/,store-directory/ga/townsend,https://www.dollargeneral.com/store-directory/ga/townsend
/content/dollargeneral/,store-directory/ga/trenton,https://www.dollargeneral.com/store-directory/ga/trenton
/content/dollargeneral/,store-directory/ga/trion,https://www.dollargeneral.com/store-directory/ga/trion
/content/dollargeneral/,store-directory/ga/tucker,https://www.dollargeneral.com/store-directory/ga/tucker
/content/dollargeneral/,store-directory/ga/tunnel-hill,https://www.dollargeneral.com/store-directory/ga/tunnel-hill
/content/dollargeneral/,store-directory/ga/twin-city,https://www.dollargeneral.com/store-directory/ga/twin-city
/content/dollargeneral/,store-directory/ga/ty-ty,https://www.dollargeneral.com/store-directory/ga/ty-ty
/content/dollargeneral/,store-directory/ga/tyrone,https://www.dollargeneral.com/store-directory/ga/tyrone
/content/dollargeneral/,store-directory/ga/unadilla,https://www.dollargeneral.com/store-directory/ga/unadilla
/content/dollargeneral/,store-directory/ga/union-city,https://www.dollargeneral.com/store-directory/ga/union-city
/content/dollargeneral/,store-directory/ga/union-point,https://www.dollargeneral.com/store-directory/ga/union-point
/content/dollargeneral/,store-directory/ga/uvalda,https://www.dollargeneral.com/store-directory/ga/uvalda
/content/dollargeneral/,store-directory/ga/valdosta,https://www.dollargeneral.com/store-directory/ga/valdosta
/content/dollargeneral/,store-directory/ga/vidalia,https://www.dollargeneral.com/store-directory/ga/vidalia
/content/dollargeneral/,store-directory/ga/vienna,https://www.dollargeneral.com/store-directory/ga/vienna
/content/dollargeneral/,store-directory/ga/villa-rica,https://www.dollargeneral.com/store-directory/ga/villa-rica
/content/dollargeneral/,store-directory/ga/wadley,https://www.dollargeneral.com/store-directory/ga/wadley
/content/dollargeneral/,store-directory/ga/waleska,https://www.dollargeneral.com/store-directory/ga/waleska
/content/dollargeneral/,store-directory/ga/walthourville,https://www.dollargeneral.com/store-directory/ga/walthourville
/content/dollargeneral/,store-directory/ga/warm-springs,https://www.dollargeneral.com/store-directory/ga/warm-springs
/content/dollargeneral/,store-directory/ga/warner-robins,https://www.dollargeneral.com/store-directory/ga/warner-robins
/content/dollargeneral/,store-directory/ga/warrenton,https://www.dollargeneral.com/store-directory/ga/warrenton
/content/dollargeneral/,store-directory/ga/warwick,https://www.dollargeneral.com/store-directory/ga/warwick
/content/dollargeneral/,store-directory/ga/washington,https://www.dollargeneral.com/store-directory/ga/washington
/content/dollargeneral/,store-directory/ga/waverly,https://www.dollargeneral.com/store-directory/ga/waverly
/content/dollargeneral/,store-directory/ga/waverly-hall,https://www.dollargeneral.com/store-directory/ga/waverly-hall
/content/dollargeneral/,store-directory/ga/waycross,https://www.dollargeneral.com/store-directory/ga/waycross
/content/dollargeneral/,store-directory/ga/waynesboro,https://www.dollargeneral.com/store-directory/ga/waynesboro
/content/dollargeneral/,store-directory/ga/waynesville,https://www.dollargeneral.com/store-directory/ga/waynesville
/content/dollargeneral/,store-directory/ga/west-green,https://www.dollargeneral.com/store-directory/ga/west-green
/content/dollargeneral/,store-directory/ga/west-point,https://www.dollargeneral.com/store-directory/ga/west-point
/content/dollargeneral/,store-directory/ga/whigham,https://www.dollargeneral.com/store-directory/ga/whigham
/content/dollargeneral/,store-directory/ga/white,https://www.dollargeneral.com/store-directory/ga/white
/content/dollargeneral/,store-directory/ga/whitesburg,https://www.dollargeneral.com/store-directory/ga/whitesburg
/content/dollargeneral/,store-directory/ga/wildwood,https://www.dollargeneral.com/store-directory/ga/wildwood
/content/dollargeneral/,store-directory/ga/willacoochee,https://www.dollargeneral.com/store-directory/ga/willacoochee
/content/dollargeneral/,store-directory/ga/williamson,https://www.dollargeneral.com/store-directory/ga/williamson
/content/dollargeneral/,store-directory/ga/winder,https://www.dollargeneral.com/store-directory/ga/winder
/content/dollargeneral/,store-directory/ga/winston,https://www.dollargeneral.com/store-directory/ga/winston
/content/dollargeneral/,store-directory/ga/winterville,https://www.dollargeneral.com/store-directory/ga/winterville
/content/dollargeneral/,store-directory/ga/woodbine,https://www.dollargeneral.com/store-directory/ga/woodbine
/content/dollargeneral/,store-directory/ga/woodbury,https://www.dollargeneral.com/store-directory/ga/woodbury
/content/dollargeneral/,store-directory/ga/woodstock,https://www.dollargeneral.com/store-directory/ga/woodstock
/content/dollargeneral/,store-directory/ga/wrens,https://www.dollargeneral.com/store-directory/ga/wrens
/content/dollargeneral/,store-directory/ga/wrightsville,https://www.dollargeneral.com/store-directory/ga/wrightsville
/content/dollargeneral/,store-directory/ga/yatesville,https://www.dollargeneral.com/store-directory/ga/yatesville
/content/dollargeneral/,store-directory/ga/young-harris,https://www.dollargeneral.com/store-directory/ga/young-harris
/content/dollargeneral/,store-directory/ga/zebulon,https://www.dollargeneral.com/store-directory/ga/zebulon
